<?xml version="1.0" encoding="UTF-8"?>

<project id="1">
  <name>ChilexpressRPADynamicspaquetede209HH_v10.7</name>
  <description>Proyecto de Chilexpress RPADynamicspaquetede209HH</description>
  <cluster id="2">
    <name>Non Production</name>
  </cluster>
  <rootfolder id="3">
    <folder id="4">
      <folder id="5">
        <name>robots</name>
        <parent class="folder" reference="4"/>
      </folder>
      <name>Robots</name>
      <parent class="rootfolder" reference="3"/>
    </folder>
    <folder id="6">
      <name>Types</name>
      <parent class="rootfolder" reference="3"/>
    </folder>
    <folder id="7">
      <name>Resources</name>
      <parent class="rootfolder" reference="3"/>
    </folder>
    <folder id="8">
      <name>Snippets</name>
      <parent class="rootfolder" reference="3"/>
    </folder>
    <project reference="1"/>
  </rootfolder>
  <robot id="9">
    <name>GetEmailWithAttachments</name>
    <project reference="1"/>
    <createdby>developer</createdby>
    <folder reference="5"/>
    <lastmodified id="10">2020-08-11 13:38:22.596 UTC</lastmodified>
    <modifiedby>developer</modifiedby>
    <commitMessage>Liberada versión de desarrollo a QA para ciclo 1 de pruebas.</commitMessage>
  </robot>
  <robot id="11">
    <name>ProcessingCasesRelease3</name>
    <project reference="1"/>
    <createdby>developer</createdby>
    <folder reference="5"/>
    <lastmodified id="12">2020-08-11 13:38:20.415 UTC</lastmodified>
    <modifiedby>developer</modifiedby>
    <commitMessage>Liberada versión de desarrollo a QA para ciclo 1 de pruebas.</commitMessage>
  </robot>
  <robotBlock id="13">
    <project reference="1"/>
    <name>Robots/robots/GetEmailWithAttachments</name>
    <namedBlock>true</namedBlock>
    <robot reference="9"/>
  </robotBlock>
  <robotBlock id="14">
    <project reference="1"/>
    <name>Robots/robots/ProcessingCasesRelease3</name>
    <namedBlock>true</namedBlock>
    <robot reference="11"/>
  </robotBlock>
  <type id="15">
    <name>CabeceraArchivo</name>
    <project reference="1"/>
    <createdby>developer</createdby>
    <folder reference="6"/>
    <lastmodified id="16">2020-08-11 13:38:23.630 UTC</lastmodified>
    <modifiedby>developer</modifiedby>
    <commitMessage>Liberada versión de desarrollo a QA para ciclo 1 de pruebas.</commitMessage>
  </type>
  <type id="17">
    <name>Control</name>
    <project reference="1"/>
    <createdby>developer</createdby>
    <folder reference="6"/>
    <lastmodified id="18">2020-08-11 13:38:21.932 UTC</lastmodified>
    <modifiedby>developer</modifiedby>
    <commitMessage>Liberada versión de desarrollo a QA para ciclo 1 de pruebas.</commitMessage>
  </type>
  <type id="19">
    <name>CorreoElectronico</name>
    <project reference="1"/>
    <createdby>developer</createdby>
    <folder reference="6"/>
    <lastmodified id="20">2020-08-11 13:38:23.887 UTC</lastmodified>
    <modifiedby>developer</modifiedby>
    <commitMessage>Liberada versión de desarrollo a QA para ciclo 1 de pruebas.</commitMessage>
  </type>
  <type id="21">
    <name>attachment</name>
    <project reference="1"/>
    <createdby>developer</createdby>
    <folder reference="6"/>
    <lastmodified id="22">2020-08-11 13:38:23.800 UTC</lastmodified>
    <modifiedby>developer</modifiedby>
    <commitMessage>Liberada versión de desarrollo a QA para ciclo 1 de pruebas.</commitMessage>
  </type>
  <type id="23">
    <name>config</name>
    <project reference="1"/>
    <createdby>developer</createdby>
    <folder reference="6"/>
    <lastmodified id="24">2020-08-11 13:38:21.257 UTC</lastmodified>
    <modifiedby>developer</modifiedby>
    <commitMessage>Liberada versión de desarrollo a QA para ciclo 1 de pruebas.</commitMessage>
  </type>
  <type id="25">
    <name>datosCaso</name>
    <project reference="1"/>
    <createdby>developer</createdby>
    <folder reference="6"/>
    <lastmodified id="26">2020-08-11 13:38:21.751 UTC</lastmodified>
    <modifiedby>developer</modifiedby>
    <commitMessage>Liberada versión de desarrollo a QA para ciclo 1 de pruebas.</commitMessage>
  </type>
  <type id="27">
    <name>email</name>
    <project reference="1"/>
    <createdby>developer</createdby>
    <folder reference="6"/>
    <lastmodified id="28">2020-08-11 13:38:24.479 UTC</lastmodified>
    <modifiedby>developer</modifiedby>
    <commitMessage>Liberada versión de desarrollo a QA para ciclo 1 de pruebas.</commitMessage>
  </type>
  <type id="29">
    <name>folders</name>
    <project reference="1"/>
    <createdby>developer</createdby>
    <folder reference="6"/>
    <lastmodified id="30">2020-08-11 13:38:24.588 UTC</lastmodified>
    <modifiedby>developer</modifiedby>
    <commitMessage>Liberada versión de desarrollo a QA para ciclo 1 de pruebas.</commitMessage>
  </type>
  <type id="31">
    <name>inputControl</name>
    <project reference="1"/>
    <createdby>developer</createdby>
    <folder reference="6"/>
    <lastmodified id="32">2020-08-11 13:38:22.817 UTC</lastmodified>
    <modifiedby>developer</modifiedby>
    <commitMessage>Liberada versión de desarrollo a QA para ciclo 1 de pruebas.</commitMessage>
  </type>
  <type id="33">
    <name>mailconfig</name>
    <project reference="1"/>
    <createdby>developer</createdby>
    <folder reference="6"/>
    <lastmodified id="34">2020-08-11 13:38:22.950 UTC</lastmodified>
    <modifiedby>developer</modifiedby>
    <commitMessage>Liberada versión de desarrollo a QA para ciclo 1 de pruebas.</commitMessage>
  </type>
  <type id="35">
    <name>usuario</name>
    <project reference="1"/>
    <createdby>developer</createdby>
    <folder reference="6"/>
    <lastmodified id="36">2020-08-11 13:38:24.741 UTC</lastmodified>
    <modifiedby>developer</modifiedby>
    <commitMessage>Liberada versión de desarrollo a QA para ciclo 1 de pruebas.</commitMessage>
  </type>
  <snippet id="37">
    <name>exctract_email</name>
    <project reference="1"/>
    <createdby>developer</createdby>
    <folder reference="8"/>
    <lastmodified id="38">2020-08-11 13:38:24.52 UTC</lastmodified>
    <modifiedby>developer</modifiedby>
    <commitMessage>Liberada versión de desarrollo a QA para ciclo 1 de pruebas.</commitMessage>
  </snippet>
  <snippet id="39">
    <name>login</name>
    <project reference="1"/>
    <createdby>developer</createdby>
    <folder reference="8"/>
    <lastmodified id="40">2020-08-11 13:38:23.255 UTC</lastmodified>
    <modifiedby>developer</modifiedby>
    <commitMessage>Liberada versión de desarrollo a QA para ciclo 1 de pruebas.</commitMessage>
  </snippet>
  <resource id="41">
    <name>README.md</name>
    <project reference="1"/>
    <createdby>ValuetechSA</createdby>
    <folder reference="3"/>
    <lastmodified id="42">2020-08-11 13:37:14.0 UTC</lastmodified>
    <modifiedby>ValuetechSA</modifiedby>
    <commitMessage>Initial commit</commitMessage>
  </resource>
  <resource id="43">
    <name>README.md</name>
    <project reference="1"/>
    <createdby>developer</createdby>
    <folder reference="7"/>
    <lastmodified id="44">2020-08-11 13:38:21.596 UTC</lastmodified>
    <modifiedby>developer</modifiedby>
    <commitMessage>Liberada versión de desarrollo a QA para ciclo 1 de pruebas.</commitMessage>
  </resource>
  <groupToRoleMapping id="45">
    <project reference="1"/>
    <roleName>Developer</roleName>
    <groupName>RPA Developer</groupName>
  </groupToRoleMapping>
  <groupToRoleMapping id="46">
    <project reference="1"/>
    <roleName>Project Administrator</roleName>
    <groupName>RPA Developer</groupName>
  </groupToRoleMapping>
  <groupToRoleMapping id="47">
    <project reference="1"/>
    <roleName>RoboServer</roleName>
    <groupName>RPA Roboserver</groupName>
  </groupToRoleMapping>
  <authenticate>true</authenticate>
  <forceServiceCluster>false</forceServiceCluster>
  <vcs id="48">
    <project reference="1"/>
    <url>git@github.com:ValuetechSA/ChilexpressRPADynamicspaquetede209HH_v10.7.git</url>
    <branch>Develop</branch>
    <readOnly>false</readOnly>
    <com.kapowtech.scheduler.server.entity.VcsItemConfiguration id="49">
      <vcsConfiguration reference="48"/>
      <itemType>schedule</itemType>
      <enabled>true</enabled>
    </com.kapowtech.scheduler.server.entity.VcsItemConfiguration>
    <com.kapowtech.scheduler.server.entity.VcsItemConfiguration id="50">
      <vcsConfiguration reference="48"/>
      <itemType>oauth</itemType>
      <enabled>false</enabled>
    </com.kapowtech.scheduler.server.entity.VcsItemConfiguration>
    <com.kapowtech.scheduler.server.entity.VcsItemConfiguration id="51">
      <vcsConfiguration reference="48"/>
      <itemType>robot2</itemType>
      <enabled>false</enabled>
    </com.kapowtech.scheduler.server.entity.VcsItemConfiguration>
    <com.kapowtech.scheduler.server.entity.VcsItemConfiguration id="52">
      <vcsConfiguration reference="48"/>
      <itemType>resource</itemType>
      <enabled>true</enabled>
    </com.kapowtech.scheduler.server.entity.VcsItemConfiguration>
    <com.kapowtech.scheduler.server.entity.VcsItemConfiguration id="53">
      <vcsConfiguration reference="48"/>
      <itemType>connector</itemType>
      <enabled>false</enabled>
    </com.kapowtech.scheduler.server.entity.VcsItemConfiguration>
    <com.kapowtech.scheduler.server.entity.VcsItemConfiguration id="54">
      <vcsConfiguration reference="48"/>
      <itemType>robot</itemType>
      <enabled>true</enabled>
    </com.kapowtech.scheduler.server.entity.VcsItemConfiguration>
    <com.kapowtech.scheduler.server.entity.VcsItemConfiguration id="55">
      <vcsConfiguration reference="48"/>
      <itemType>snippet</itemType>
      <enabled>true</enabled>
    </com.kapowtech.scheduler.server.entity.VcsItemConfiguration>
    <com.kapowtech.scheduler.server.entity.VcsItemConfiguration id="56">
      <vcsConfiguration reference="48"/>
      <itemType>type</itemType>
      <enabled>true</enabled>
    </com.kapowtech.scheduler.server.entity.VcsItemConfiguration>
  </vcs>
</project>